"root","pos","meaning_kz","meaning_ru","harmony","meaning_en"
"кітап","n","кітап","книга","back","книга"
"бала","n","бала","ребенок","back","ребенок"
"үй","n","үй","дом","front","дом"
"әже","n","әже","бабушка","front","бабушка"
"ата","n","ата","дедушка","back","дедушка"
"мектеп","n","мектеп","школа","back","школа"
"оқушы","n","оқушы","ученик","back","ученик"
"мұғалім","n","мұғалім","учитель","front","учитель"
"дос","n","дос","друг","back","друг"
"қала","n","қала","город","back","город"
"ауыл","n","ауыл","деревня","back","деревня"
"көше","n","көше","улица","front","улица"
"көл","n","көл","озеро","front","озеро"
"тау","n","тау","гора","back","гора"
"өзен","n","өзен","река","front","река"
"орман","n","орман","лес","back","лес"
"бақ","n","бақ","сад","back","сад"
"бау","n","бау","сарай","back","сарай"
"жер","n","жер","земля","back","земля"
"су","n","су","вода","back","вода"
"ауа","n","ауа","воздух","back","воздух"
"от","n","от","огонь","back","огонь"
"жарық","n","жарық","свет","back","свет"
"күн","n","күн","солнце","front","солнце"
"ай","n","ай","луна","back","луна"
"жұлдыз","n","жұлдыз","звезда","back","звезда"
"аспан","n","аспан","небо","back","небо"
"бұлт","n","бұлт","облако","back","облако"
"жаңбыр","n","жаңбыр","дождь","back","дождь"
"қар","n","қар","снег","back","снег"
"жел","n","жел","ветер","back","ветер"
"дауыл","n","дауыл","буря","back","буря"
"найзағай","n","найзағай","молния","back","молния"
"кемпірқосақ","n","кемпірқосақ","радуга","front","радуга"
"адам","n","адам","человек","back","человек"
"ер","n","ер","мужчина","back","мужчина"
"әйел","n","әйел","женщина","front","женщина"
"балақай","n","балақай","малыш","back","малыш"
"жігіт","n","жігіт","парень","front","парень"
"қыз","n","қыз","девушка","back","девушка"
"бойжеткен","n","бойжеткен","девушка","back","девушка"
"сәби","n","сәби","младенец","front","младенец"
"нәресте","n","нәресте","младенец","front","младенец"
"ана","n","ана","мать","back","мать"
"әке","n","әке","отец","front","отец"
"шеше","n","шеше","мама","front","мама"
"тәте","n","тәте","тетя","front","тетя"
"апа","n","апа","старшая сестра","back","старшая сестра"
"қарындас","n","қарындас","младшая сестра","back","младшая сестра"
"іні","n","іні","младший брат","front","младший брат"
"аға","n","аға","старший брат","back","старший брат"
"жиен","n","жиен","племянник","front","племянник"
"немере","n","немере","внук","front","внук"
"шөбере","n","шөбере","правнук","front","правнук"
"ата-ана","n","ата-ана","родители","back","родители"
"отбасы","n","отбасы","семья","back","семья"
"жанұя","n","жанұя","семья","back","семья"
"тұыс","n","тұыс","родственник","back","родственник"
"туған","n","туған","родной","back","родной"
"дос-жаран","n","дос-жаран","друзья","back","друзья"
"көрші","n","көрші","сосед","front","сосед"
"таныс","n","таныс","знакомый","back","знакомый"
"бөтен","n","бөтен","чужой","front","чужой"
"қонақ","n","қонақ","гость","back","гость"
"мейман","n","мейман","гость","front","гость"
"үй иесі","n","үй иесі","хозяин дома","front","хозяин дома"
"қызметкер","n","қызметкер","работник","back","работник"
"жұмысшы","n","жұмысшы","рабочий","back","рабочий"
"дәрігер","n","дәрігер","врач","front","врач"
"емші","n","емші","врач","front","врач"
"мейірбике","n","мейірбике","медсестра","front","медсестра"
"инженер","n","инженер","инженер","front","инженер"
"мұнайшы","n","мұнайшы","нефтяник","back","нефтяник"
"егінші","n","егінші","земледелец","front","земледелец"
"диқан","n","диқан","крестьянин","back","крестьянин"
"шаруа","n","шаруа","крестьянин","back","крестьянин"
"малшы","n","малшы","пастух","back","пастух"
"бақташы","n","бақташы","пастух","back","пастух"
"шопан","n","шопан","чабан","back","чабан"
"жазушы","n","жазушы","писатель","back","писатель"
"ақын","n","ақын","поэт","back","поэт"
"жырау","n","жырау","певец","back","певец"
"журналист","n","журналист","журналист","back","журналист"
"тілші","n","тілші","корреспондент","front","корреспондент"
"фотограф","n","фотограф","фотограф","back","фотограф"
"суретші","n","суретші","художник","front","художник"
"мүсінші","n","мүсінші","скульптор","front","скульптор"
"сәулетші","n","сәулетші","архитектор","front","архитектор"
"құрылысшы","n","құрылысшы","строитель","back","строитель"
"жөндеуші","n","жөндеуші","ремонтник","front","ремонтник"
"жүргізуші","n","жүргізуші","водитель","front","водитель"
"шафер","n","шафер","водитель","back","водитель"
"ұшқыш","n","ұшқыш","летчик","back","летчик"
"машинист","n","машинист","машинист","back","машинист"
"теміржолшы","n","теміржолшы","железнодорожник","back","железнодорожник"
"теңізші","n","теңізші","моряк","front","моряк"
"балықшы","n","балықшы","рыбак","back","рыбак"
"аңшы","n","аңшы","охотник","back","охотник"
"орманшы","n","орманшы","лесник","back","лесник"
"бағбан","n","бағбан","садовод","back","садовод"
"гүлші","n","гүлші","цветовод","front","цветовод"
"көкөнісші","n","көкөнісші","овощевод","front","овощевод"
"фермер","n","фермер","фермер","front","фермер"
"сатушы","n","сатушы","продавец","back","продавец"
"саудагер","n","саудагер","торговец","back","торговец"
"кәсіпкер","n","кәсіпкер","предприниматель","front","предприниматель"
"бизнесмен","n","бизнесмен","бизнесмен","front","бизнесмен"
"экономист","n","экономист","экономист","front","экономист"
"бухгалтер","n","бухгалтер","бухгалтер","back","бухгалтер"
"есепші","n","есепші","счетовод","front","счетовод"
"банкир","n","банкир","банкир","back","банкир"
"заңгер","n","заңгер","юрист","back","юрист"
"адвокат","n","адвокат","адвокат","back","адвокат"
"судья","n","судья","судья","back","судья"
"прокурор","n","прокурор","прокурор","back","прокурор"
"полицей","n","полицей","полицейский","front","полицейский"
"шабарман","n","шабарман","курьер","back","курьер"
"почтальон","n","почтальон","почтальон","back","почтальон"
"байланысшы","n","байланысшы","связист","back","связист"
"компьютерші","n","компьютерші","программист","front","программист"
"бағдарламашы","n","бағдарламашы","программист","back","программист"
"сайт жасаушы","n","сайт жасаушы","веб-разработчик","back","веб-разработчик"
"админ","n","админ","админ","back","админ"
"менеджер","n","менеджер","менеджер","front","менеджер"
"директор","n","директор","директор","back","директор"
"бастық","n","бастық","начальник","back","начальник"
"жетекші","n","жетекші","руководитель","front","руководитель"
"көшбасшы","n","көшбасшы","лидер","front","лидер"
"президент","n","президент","президент","front","президент"
"министр","n","министр","министр","front","министр"
"депутат","n","депутат","депутат","back","депутат"
"әкім","n","әкім","аким","front","аким"
"мэр","n","мэр","мэр","front","мэр"
"аудан басшысы","n","аудан басшысы","глава района","back","глава района"
"облыс басшысы","n","облыс басшысы","глава области","back","глава области"
"ел басшысы","n","ел басшысы","глава государства","front","глава государства"
"хан","n","хан","хан","back","хан"
"сұлтан","n","сұлтан","султан","back","султан"
"патша","n","патша","царь","back","царь"
"би","n","би","бий","back","бий"
"төре","n","төре","бий","front","бий"
"болыс","n","болыс","волостной","back","волостной"
"старшын","n","старшын","старшина","back","старшина"
"жүзбасы","n","жүзбасы","сотник","back","сотник"
"мыңбасы","n","мыңбасы","тысячник","back","тысячник"
"қолбасшы","n","қолбасшы","военачальник","back","военачальник"
"сарбаз","n","сарбаз","воин","back","воин"
"жауынгер","n","жауынгер","боец","back","боец"
"солдат","n","солдат","солдат","back","солдат"
"офицер","n","офицер","офицер","back","офицер"
"генерал","n","генерал","генерал","back","генерал"
"батыр","n","батыр","герой","back","герой"
"ерлі","n","ерлі","героический","front","героический"
"батыл","n","батыл","смелый","back","смелый"
"қайсар","n","қайсар","упорный","back","упорный"
"табанды","n","табанды","настойчивый","back","настойчивый"
"жігерлі","n","жігерлі","энергичный","front","энергичный"
"қайратты","n","қайратты","деятельный","back","деятельный"
"енбекқор","n","енбекқор","трудолюбивый","back","трудолюбивый"
"еңбекші","n","еңбекші","труженик","front","труженик"
"зейнеткер","n","зейнеткер","пенсионер","front","пенсионер"
"қарт","n","қарт","старик","back","старик"
"кәрі","n","кәрі","старый","front","старый"
"жас","n","жас","молодой","back","молодой"
"жасеспірім","n","жасеспірім","подросток","back","подросток"
"өрен","n","өрен","подросток","front","подросток"
"жеткіншек","n","жеткіншек","подросток","front","подросток"
"бозбала","n","бозбала","юноша","back","юноша"
"бойжеткен","n","бойжеткен","девушка","back","девушка"
"қыз-келіншек","n","қыз-келіншек","девушки","back","девушки"
"келін","n","келін","невестка","front","невестка"
"күйеу","n","күйеу","зять","front","зять"
"жұбай","n","жұбай","супруг","back","супруг"
"жар","n","жар","супруг","back","супруг"
"қосағы","n","қосағы","супруг","back","супруг"
"ерлі-зайыпты","n","ерлі-зайыпты","супруги","back","супруги"
"отағасы","n","отағасы","глава семьи","back","глава семьи"
"үйлену тойы","n","үйлену тойы","свадьба","front","свадьба"
"неке","n","неке","брак","front","брак"
"отбасылық","n","отбасылық","семейный","back","семейный"
"бақытты","n","бақытты","счастливый","back","счастливый"
"бақыт","n","бақыт","счастье","back","счастье"
"қуаныш","n","қуаныш","радость","back","радость"
"шаттық","n","шаттық","радость","back","радость"
"мұң","n","мұң","печаль","back","печаль"
"қайғы","n","қайғы","горе","back","горе"
"реніш","n","реніш","обида","front","обида"
"наразылық","n","наразылық","недовольство","back","недовольство"
"кек","n","кек","месть","front","месть"
"достық","n","достық","дружба","back","дружба"
"татулық","n","татулық","дружба","back","дружба"
"бірлік","n","бірлік","единство","front","единство"
"ынтымақ","n","ынтымақ","солидарность","back","солидарность"
"табыс","n","табыс","успех","back","успех"
"жетістік","n","жетістік","достижение","front","достижение"
"жеңіс","n","жеңіс","победа","front","победа"
"сәттілік","n","сәттілік","удача","front","удача"
"сый","n","сый","подарок","back","подарок"
"сыйлық","n","сыйлық","подарок","back","подарок"
"тарту","n","тарту","подарок","back","подарок"
"мейрам","n","мейрам","праздник","front","праздник"
"той","n","той","праздник","back","праздник"
"думан","n","думан","веселье","back","веселье"
"кеш","n","кеш","вечер","front","вечер"
"таң","n","таң","утро","back","утро"
"түс","n","түс","полдень","front","полдень"
"бесін","n","бесін","послеполуденное время","front","послеполуденное время"
"екінті","n","екінті","вечер","front","вечер"
"намаздыгер","n","намаздыгер","вечерняя молитва","back","вечерняя молитва"
"құптан","n","құптан","ночная молитва","back","ночная молитва"
"түн","n","түн","ночь","front","ночь"
"түн ортасы","n","түн ортасы","полночь","front","полночь"
"күн бату","n","күн бату","закат","front","закат"
"күн шығу","n","күн шығу","восход","front","восход"
"таңертең","n","таңертең","утром","front","утром"
"таңғы ас","n","таңғы ас","завтрак","back","завтрак"
"түскі ас","n","түскі ас","обед","front","обед"
"кешкі ас","n","кешкі ас","ужин","front","ужин"
"тағам","n","тағам","еда","back","еда"
"ас","n","ас","еда","back","еда"
"нан","n","нан","хлеб","back","хлеб"
"су","n","су","вода","back","вода"
"шай","n","шай","чай","back","чай"
"кофе","n","кофе","кофе","back","кофе"
"сүт","n","сүт","молоко","front","молоко"
"айран","n","айран","айран","back","айран"
"қымыз","n","қымыз","кумыс","back","кумыс"
"шұбат","n","шұбат","шубат","back","шубат"
"ет","n","ет","мясо","front","мясо"
"сүр ет","n","сүр ет","вяленое мясо","front","вяленое мясо"
"қазы","n","қазы","колбаса","back","колбаса"
"шужық","n","шужық","колбаса","back","колбаса"
"қуырдақ","n","қуырдақ","жаркое","back","жаркое"
"палау","n","палау","плов","back","плов"
"күріш","n","күріш","рис","front","рис"
"нан","n","нан","хлеб","back","хлеб"
"тоқаш","n","тоқаш","булка","back","булка"
"бауырсақ","n","бауырсақ","баурсак","back","баурсак"
"шельпек","n","шельпек","лепешка","front","лепешка"
"талқан","n","талқан","толокно","back","толокно"
"жент","n","жент","жент","front","жент"
"ірімшік","n","ірімшік","сыр","front","сыр"
"май","n","май","масло","back","масло"
"сары май","n","сары май","сливочное масло","back","сливочное масло"
"өсімдік майы","n","өсімдік майы","растительное масло","front","растительное масло"
"балық","n","балық","рыба","back","рыба"
"көкөніс","n","көкөніс","овощи","front","овощи"
"көк","n","көк","зелень","front","зелень"
"пияз","n","пияз","лук","back","лук"
"сәбіз","n","сәбіз","морковь","front","морковь"
"картоп","n","картоп","картофель","back","картофель"
"қызанақ","n","қызанақ","помидор","back","помидор"
"қияр","n","қияр","огурец","back","огурец"
"орамжапырақ","n","орамжапырақ","капуста","back","капуста"
"бұрыш","n","бұрыш","перец","back","перец"
"тұз","n","тұз","соль","back","соль"
"қант","n","қант","сахар","back","сахар"
"бал","n","бал","мед","back","мед"
"жеміс","n","жеміс","фрукты","front","фрукты"
"алма","n","алма","яблоко","back","яблоко"
"алмұрт","n","алмұрт","груша","back","груша"
"өрік","n","өрік","абрикос","front","абрикос"
"шабдалы","n","шабдалы","персик","back","персик"
"жүзім","n","жүзім","виноград","front","виноград"
"қарбыз","n","қарбыз","арбуз","back","арбуз"
"қауын","n","қауын","дыня","back","дыня"
"банан","n","банан","банан","back","банан"
"апельсин","n","апельсин","апельсин","back","апельсин"
"лимон","n","лимон","лимон","back","лимон"
"мандарин","n","мандарин","мандарин","back","мандарин"
"ананас","n","ананас","ананас","back","ананас"
"киеви","n","киеви","киви","front","киви"
"жидек","n","жидек","ягода","front","ягода"
"құлпынай","n","құлпынай","клубника","back","клубника"
"таңқурай","n","таңқурай","малина","back","малина"
"қарақат","n","қарақат","смородина","back","смородина"
"шие","n","шие","вишня","front","вишня"
"алша","n","алша","алыча","back","алыча"
"өpік","n","өpік","абрикос","front","абрикос"
"шабдалы","n","шабдалы","персик","back","персик"
"гүл","n","гүл","цветок","front","цветок"
"раушан","n","раушан","роза","back","роза"
"қызғалдақ","n","қызғалдақ","тюльпан","back","тюльпан"
"бәйшешек","n","бәйшешек","подснежник","front","подснежник"
"нарғызгүл","n","нарғызгүл","нарцисс","back","нарцисс"
"жапырақ","n","жапырақ","лист","back","лист"
"ағаш","n","ағаш","дерево","back","дерево"
"терек","n","терек","тополь","front","тополь"
"қайың","n","қайың","береза","back","береза"
"емен","n","емен","дуб","front","дуб"
"шынар","n","шынар","чинара","back","чинара"
"арша","n","арша","арча","back","арча"
"тал","n","тал","ива","back","ива"
"шырша","n","шырша","ель","back","ель"
"қарағай","n","қарағай","сосна","back","сосна"
"самырсын","n","самырсын","пихта","back","пихта"
"шыбық","n","шыбық","прут","back","прут"
"бұтақ","n","бұтақ","ветка","back","ветка"
"тамыр","n","тамыр","корень","back","корень"
"жапырақ","n","жапырақ","лист","back","лист"
"гүлзар","n","гүлзар","цветник","front","цветник"
"бақша","n","бақша","огород","back","огород"
"егіс","n","егіс","посев","front","посев"
"алқап","n","алқап","поляна","back","поляна"
"дала","n","дала","степь","back","степь"
"шөл","n","шөл","пустыня","front","пустыня"
"шөлейт","n","шөлейт","полупустыня","front","полупустыня"
"жайылым","n","жайылым","пастбище","back","пастбище"
"шабындық","n","шабындық","луг","back","луг"
"өңір","n","өңір","край","front","край"
"аймақ","n","аймақ","регион","back","регион"
"өлке","n","өлке","область","front","область"
"ел","n","ел","страна","front","страна"
"мемлекет","n","мемлекет","государство","front","государство"
"отан","n","отан","родина","back","родина"
"туған жер","n","туған жер","родная земля","back","родная земля"
"атамекен","n","атамекен","отчизна","back","отчизна"
"қоныс","n","қоныс","поселение","back","поселение"
"мекен","n","мекен","местожительство","front","местожительство"
"тұрақ","n","тұрақ","стоянка","back","стоянка"
"баспана","n","баспана","жилье","back","жилье"
"тұрғын үй","n","тұрғын үй","жилой дом","back","жилой дом"
"пәтер","n","пәтер","квартира","front","квартира"
"бөлме","n","бөлме","комната","front","комната"
"ас үй","n","ас үй","кухня","back","кухня"
"жатын бөлме","n","жатын бөлме","спальня","back","спальня"
"қонақ бөлме","n","қонақ бөлме","гостиная","back","гостиная"
"балалар бөлмесі","n","балалар бөлмесі","детская","back","детская"
"жуынатын бөлме","n","жуынатын бөлме","ванная","back","ванная"
"дәліз","n","дәліз","коридор","front","коридор"
"кіреберіс","n","кіреберіс","прихожая","front","прихожая"
"балкон","n","балкон","балкон","back","балкон"
"шатыр","n","шатыр","крыша","back","крыша"
"еден","n","еден","пол","front","пол"
"төбе","n","төбе","потолок","front","потолок"
"қабырға","n","қабырға","стена","back","стена"
"есік","n","есік","дверь","front","дверь"
"терезе","n","терезе","окно","front","окно"
"кілт","n","кілт","ключ","front","ключ"
"құлып","n","құлып","замок","back","замок"
"сандық","n","сандық","сундук","back","сундук"
"шкаф","n","шкаф","шкаф","back","шкаф"
"сөре","n","сөре","полка","front","полка"
"үстел","n","үстел","стол","front","стол"
"орындық","n","орындық","стул","back","стул"
"кресло","n","кресло","кресло","front","кресло"
"диван","n","диван","диван","back","диван"
"төсек","n","төсек","кровать","front","кровать"
"жастық","n","жастық","подушка","back","подушка"
"көрпе","n","көрпе","одеяло","front","одеяло"
"матрас","n","матрас","матрас","back","матрас"
"кілем","n","кілем","ковер","front","ковер"
"перде","n","перде","штора","front","штора"
"шам","n","шам","лампа","back","лампа"
"жарық","n","жарық","свет","back","свет"
"электр","n","электр","электричество","front","электричество"
"розетка","n","розетка","розетка","back","розетка"
"ажыратқыш","n","ажыратқыш","выключатель","back","выключатель"
"батарея","n","батарея","батарея","back","батарея"
"радиатор","n","радиатор","радиатор","back","радиатор"
"жылыту","n","жылыту","отопление","back","отопление"
"суыту","n","суыту","охлаждение","back","охлаждение"
"кондиционер","n","кондиционер","кондиционер","back","кондиционер"
"желдеткіш","n","желдеткіш","вентилятор","front","вентилятор"
"пеш","n","пеш","печь","front","печь"
"газ плитасы","n","газ плитасы","газовая плита","back","газовая плита"
"электр плитасы","n","электр плитасы","электроплита","front","электроплита"
"духовка","n","духовка","духовка","back","духовка"
"микротолқынды пеш","n","микротолқынды пеш","микроволновка","back","микроволновка"
"тоңазытқыш","n","тоңазытқыш","холодильник","back","холодильник"
"мұздатқыш","n","мұздатқыш","морозильник","back","морозильник"
"ыдыс жуғыш","n","ыдыс жуғыш","посудомоечная машина","back","посудомоечная машина"
"кір жуғыш","n","кір жуғыш","стиральная машина","front","стиральная машина"
"кептіргіш","n","кептіргіш","сушилка","front","сушилка"
"үтік","n","үтік","утюг","front","утюг"
"пылесос","n","пылесос","пылесос","back","пылесос"
"шаңсорғыш","n","шаңсорғыш","пылесос","back","пылесос"
"теледидар","n","теледидар","телевизор","back","телевизор"
"телефон","n","телефон","телефон","back","телефон"
"компьютер","n","компьютер","компьютер","back","компьютер"
"ноутбук","n","ноутбук","ноутбук","back","ноутбук"
"планшет","n","планшет","планшет","back","планшет"
"смартфон","n","смартфон","смартфон","back","смартфон"
"зарядтағыш","n","зарядтағыш","зарядное устройство","back","зарядное устройство"
"наушник","n","наушник","наушники","back","наушники"
"тыңдағыш","n","тыңдағыш","наушники","back","наушники"
"кабель","n","кабель","кабель","back","кабель"
"адаптер","n","адаптер","адаптер","back","адаптер"
"принтер","n","принтер","принтер","front","принтер"
"сканер","n","сканер","сканер","back","сканер"
"көшіргіш","n","көшіргіш","ксерокс","front","ксерокс"
"факс","n","факс","факс","back","факс"
"қағаз","n","қағаз","бумага","back","бумага"
"қалам","n","қалам","ручка","back","ручка"
"қарындаш","n","қарындаш","карандаш","back","карандаш"
"сызғыш","n","сызғыш","линейка","back","линейка"
"өшіргіш","n","өшіргіш","ластик","front","ластик"
"сызба","n","сызба","чертеж","back","чертеж"
"дәптер","n","дәптер","тетрадь","front","тетрадь"
"кітап","n","кітап","книга","back","книга"
"оқулық","n","оқулық","учебник","back","учебник"
"сөздік","n","сөздік","словарь","front","словарь"
"энциклопедия","n","энциклопедия","энциклопедия","front","энциклопедия"
"журнал","n","журнал","журнал","back","журнал"
"газет","n","газет","газета","back","газета"
"бет","n","бет","страница","front","страница"
"парақ","n","парақ","лист","back","лист"
"мұқаба","n","мұқаба","обложка","back","обложка"
"түптеу","n","түптеу","переплет","front","переплет"
"кітапхана","n","кітапхана","библиотека","back","библиотека"
"мұрағат","n","мұрағат","архив","back","архив"
"қор","n","қор","фонд","back","фонд"
"құжат","n","құжат","документ","back","документ"
"хат","n","хат","письмо","back","письмо"
"хабарлама","n","хабарлама","сообщение","back","сообщение"
"жеделхат","n","жеделхат","телеграмма","front","телеграмма"
"пошта","n","пошта","почта","back","почта"
"банде роль","n","банде роль","бандероль","back","бандероль"
"сәлемдеме","n","сәлемдеме","посылка","front","посылка"
"конверт","n","конверт","конверт","back","конверт"
"марка","n","марка","марка","back","марка"
"индекс","n","индекс","индекс","back","индекс"
"мекен-жай","n","мекен-жай","адрес","front","адрес"
"атау","n","атау","название","back","название"
"есім","n","есім","имя","front","имя"
"фамилия","n","фамилия","фамилия","back","фамилия"
"тегі","n","тегі","фамилия","front","фамилия"
"жөні","n","жөні","фамилия","front","фамилия"
"лақап ат","n","лақап ат","псевдоним","back","псевдоним"
"мансап","n","мансап","карьера","back","карьера"
"қызмет","n","қызмет","служба","back","служба"
"жұмыс","n","жұмыс","работа","back","работа"
"еңбек","n","еңбек","труд","front","труд"
"кәсіп","n","кәсіп","профессия","front","профессия"
"мамандық","n","мамандық","специальность","back","специальность"
"білім","n","білім","образование","front","образование"
"білім беру","n","білім беру","обучение","front","обучение"
"оқу","n","оқу","учеба","back","учеба"
"ғылым","n","ғылым","наука","back","наука"
"зерттеу","n","зерттеу","исследование","front","исследование"
"тәжірибе","n","тәжірибе","опыт","front","опыт"
"дағды","n","дағды","навык","back","навык"
"шеберлік","n","шеберлік","мастерство","front","мастерство"
"өнер","n","өнер","искусство","front","искусство"
"мәдениет","n","мәдениет","культура","front","культура"
"тарих","n","тарих","история","back","история"
"география","n","география","география","back","география"
"математика","n","математика","математика","back","математика"
"физика","n","физика","физика","back","физика"
"химия","n","химия","химия","back","химия"
"биология","n","биология","биология","back","биология"
"астрономия","n","астрономия","астрономия","back","астрономия"
"экология","n","экология","экология","back","экология"
"экономика","n","экономика","экономика","back","экономика"
"саясат","n","саясат","политика","back","политика"
"құқық","n","құқық","право","back","право"
"заң","n","заң","закон","back","закон"
"ереже","n","ереже","правило","front","правило"
"тәртіп","n","тәртіп","порядок","front","порядок"
"тәрбие","n","тәрбие","воспитание","front","воспитание"
"әдеп","n","әдеп","этика","front","этика"
"әдет","n","әдет","привычка","front","привычка"
"салт","n","салт","обычай","back","обычай"
"дәстүр","n","дәстүр","традиция","front","традиция"
"өнеге","n","өнеге","пример","front","пример"
"үлгі","n","үлгі","образец","front","образец"
"өнегелі","n","өнегелі","примерный","front","примерный"
"игілікті","n","игілікті","благородный","front","благородный"
"жақсылық","n","жақсылық","добро","back","добро"
"жамандық","n","жамандық","зло","back","зло"
"ізгілік","n","ізгілік","доброта","front","доброта"
"мейірімділік","n","мейірімділік","милосердие","front","милосердие"
"рақымшылық","n","рақымшылық","милость","back","милость"
"кешірім","n","кешірім","прощение","front","прощение"
"мәрттік","n","мәрттік","щедрость","front","щедрость"
"сараңдық","n","сараңдық","жадность","back","жадность"
"қайырымдылық","n","қайырымдылық","благотворительность","back","благотворительность"
"жомарттық","n","жомарттық","щедрость","back","щедрость"
"қонақжайлық","n","қонақжайлық","гостеприимство","back","гостеприимство"
"меймандостық","n","меймандостық","гостеприимство","front","гостеприимство"
"бауырмалдық","n","бауырмалдық","братство","back","братство"
"туысқандық","n","туысқандық","родство","back","родство"
"достық","n","достық","дружба","back","дружба"
"татулық","n","татулық","дружба","back","дружба"
"бейбітшілік","n","бейбітшілік","мир","front","мир"
"тыныштық","n","тыныштық","спокойствие","back","спокойствие"
"мамыражай","n","мамыражай","тишина","back","тишина"
"үнсіздік","n","үнсіздік","тишина","front","тишина"
"шу","n","шу","шум","back","шум"
"дабыс","n","дабыс","шум","back","шум"
"дыбыс","n","дыбыс","звук","back","звук"
"әуен","n","әуен","мелодия","front","мелодия"
"саз","n","саз","музыка","back","музыка"
"күй","n","күй","мелодия","front","мелодия"
"ән","n","ән","песня","front","песня"
"жыр","n","жыр","стих","back","стих"
"өлең","n","өлең","стихотворение","front","стихотворение"
"поэзия","n","поэзия","поэзия","back","поэзия"
"проза","n","проза","проза","back","проза"
"роман","n","роман","роман","back","роман"
"повесть","n","повесть","повесть","back","повесть"
"әңгіме","n","әңгіме","рассказ","front","рассказ"
"хикая","n","хикая","история","back","история"
"новелла","n","новелла","новелла","back","новелла"
"эссе","n","эссе","эссе","front","эссе"
"мақала","n","мақала","статья","back","статья"
"реферат","n","реферат","реферат","back","реферат"
"диссертация","n","диссертация","диссертация","back","диссертация"
"монография","n","монография","монография","back","монография"
"басылым","n","басылым","издание","back","издание"
"журнал","n","журнал","журнал","back","журнал"
"газет","n","газет","газета","back","газета"
"радио","n","радио","радио","back","радио"
"телеарна","n","телеарна","телеканал","front","телеканал"
"бағдарлама","n","бағдарлама","программа","back","программа"
"хабар","n","хабар","передача","back","передача"
"жаңалық","n","жаңалық","новость","back","новость"
"спорт","n","спорт","спорт","back","спорт"
"футбол","n","футбол","футбол","back","футбол"
"баскетбол","n","баскетбол","баскетбол","back","баскетбол"
"волейбол","n","волейбол","волейбол","back","волейбол"
"теннис","n","теннис","теннис","back","теннис"
"бокс","n","бокс","бокс","back","бокс"
"дзюдо","n","дзюдо","дзюдо","back","дзюдо"
"каратэ","n","каратэ","каратэ","back","каратэ"
"гимнастика","n","гимнастика","гимнастика","back","гимнастика"
"жеңіл атлетика","n","жеңіл атлетика","легкая атлетика","front","легкая атлетика"
"ауыр атлетика","n","ауыр атлетика","тяжелая атлетика","back","тяжелая атлетика"
"шаңғы","n","шаңғы","лыжи","back","лыжи"
"коньки","n","коньки","коньки","back","коньки"
"велосипед","n","велосипед","велосипед","back","велосипед"
"мотоцикл","n","мотоцикл","мотоцикл","back","мотоцикл"
"автомобиль","n","автомобиль","автомобиль","back","автомобиль"
"автобус","n","автобус","автобус","back","автобус"
"троллейбус","n","троллейбус","троллейбус","back","троллейбус"
"трамвай","n","трамвай","трамвай","back","трамвай"
"поезд","n","поезд","поезд","back","поезд"
"самолет","n","самолет","самолет","back","самолет"
"ұшақ","n","ұшақ","самолет","back","самолет"
"вертолет","n","вертолет","вертолет","back","вертолет"
"кеме","n","кеме","корабль","front","корабль"
"катер","n","катер","катер","back","катер"
"яхта","n","яхта","яхта","back","яхта"
"қайық","n","қайық","лодка","back","лодка"
"паром","n","паром","паром","back","паром"
"машина","n","машина","машина","back","машина"
"жүк көлігі","n","жүк көлігі","грузовик","back","грузовик"
"трактор","n","трактор","трактор","back","трактор"
"комбайн","n","комбайн","комбайн","back","комбайн"
"экскаватор","n","экскаватор","экскаватор","back","экскаватор"
"кран","n","кран","кран","back","кран"
"желкөтергіш","n","желкөтергіш","подъемник","front","подъемник"
"лифт","n","лифт","лифт","back","лифт"
"эскалатор","n","эскалатор","эскалатор","back","эскалатор"
"жол","n","жол","дорога","back","дорога"
"көше","n","көше","улица","front","улица"
"даңғыл","n","даңғыл","проспект","back","проспект"
"кеше","n","кеше","переулок","front","переулок"
"тупик","n","тупик","тупик","back","тупик"
"көпір","n","көпір","мост","front","мост"
"тоннель","n","тоннель","туннель","front","туннель"
"бағдаршам","n","бағдаршам","светофор","back","светофор"
"жол белгісі","n","жол белгісі","дорожный знак","back","дорожный знак"
"аялдама","n","аялдама","остановка","back","остановка"
"вокзал","n","вокзал","вокзал","back","вокзал"
"аэропорт","n","аэропорт","аэропорт","back","аэропорт"
"порт","n","порт","порт","back","порт"
"пристань","n","пристань","пристань","back","пристань"
"гавань","n","гавань","гавань","back","гавань"
"терминал","n","терминал","терминал","back","терминал"
"касса","n","касса","касса","back","касса"
"билет","n","билет","билет","back","билет"
"жолаушы","n","жолаушы","пассажир","back","пассажир"
"жүргізуші","n","жүргізуші","водитель","front","водитель"
"жолсерік","n","жолсерік","проводник","back","проводник"
"машинист","n","машинист","машинист","back","машинист"
"ұшқыш","n","ұшқыш","летчик","back","летчик"
"бортсерік","n","бортсерік","бортпроводник","back","бортпроводник"
"капитан","n","капитан","капитан","back","капитан"
"матрос","n","матрос","матрос","back","матрос"
"кеме қызметкері","n","кеме қызметкері","моряк","front","моряк"
"жүзу","n","жүзу","плавание","front","плавание"
"саяхат","n","саяхат","путешествие","back","путешествие"
"туризм","n","туризм","туризм","back","туризм"
"экскурсия","n","экскурсия","экскурсия","back","экскурсия"
"демалыс","n","демалыс","отдых","back","отдых"
"каникул","n","каникул","каникулы","back","каникулы"
"мереке","n","мереке","праздник","front","праздник"
"мейрам","n","мейрам","праздник","front","праздник"
"той","n","той","торжество","back","торжество"
"жиын","n","жиын","собрание","back","собрание"
"кездесу","n","кездесу","встреча","front","встреча"
"келіссөз","n","келіссөз","переговоры","front","переговоры"
"конференция","n","конференция","конференция","back","конференция"
"форум","n","форум","форум","back","форум"
"съезд","n","съезд","съезд","back","съезд"
"симпозиум","n","симпозиум","симпозиум","back","симпозиум"
"семинар","n","семинар","семинар","back","семинар"
"тренинг","n","тренинг","тренинг","back","тренинг"
"курс","n","курс","курс","back","курс"
"сабақ","n","сабақ","урок","back","урок"
"дәріс","n","дәріс","лекция","front","лекция"
"лекция","n","лекция","лекция","back","лекция"
"практика","n","практика","практика","back","практика"
"лаборатория","n","лаборатория","лаборатория","back","лаборатория"
"кабинет","n","кабинет","кабинет","back","кабинет"
"аудитория","n","аудитория","аудитория","back","аудитория"
"сынып","n","сынып","класс","back","класс"
"парта","n","парта","парта","back","парта"
"тақта","n","тақта","доска","back","доска"
"бор","n","бор","мел","back","мел"
"интерактивті тақта","n","интерактивті тақта","интерактивная доска","front","интерактивная доска"
"проектор","n","проектор","проектор","back","проектор"
"экран","n","экран","экран","back","экран"
"бейнебақылау","n","бейнебақылау","видеонаблюдение","front","видеонаблюдение"
"камера","n","камера","камера","back","камера"
"микрофон","n","микрофон","микрофон","back","микрофон"
"динамик","n","динамик","динамик","back","динамик"
"колонка","n","колонка","колонка","back","колонка"
"наушник","n","наушник","наушники","back","наушники"
"гарнитура","n","гарнитура","гарнитура","back","гарнитура"
"бағдарламалық қамтама","n","бағдарламалық қамтама","программное обеспечение","back","программное обеспечение"
"операциялық жүйе","n","операциялық жүйе","операционная система","back","операционная система"
"қосымша","n","қосымша","приложение","back","приложение"
"бағдарлама","n","бағдарлама","программа","back","программа"
"код","n","код","код","back","код"
"скрипт","n","скрипт","скрипт","back","скрипт"
"алгоритм","n","алгоритм","алгоритм","back","алгоритм"
"деректер базасы","n","деректер базасы","база данных","front","база данных"
"сервер","n","сервер","сервер","back","сервер"
"желі","n","желі","сеть","front","сеть"
"интернет","n","интернет","интернет","back","интернет"
"сайт","n","сайт","сайт","back","сайт"
"портал","n","портал","портал","back","портал"
"парақша","n","парақша","страница","back","страница"
"профиль","n","профиль","профиль","back","профиль"
"аккаунт","n","аккаунт","аккаунт","back","аккаунт"
"логин","n","логин","логин","back","логин"
"пароль","n","пароль","пароль","back","пароль"
"құпия сөз","n","құпия сөз","пароль","back","пароль"
"электронды пошта","n","электронды пошта","электронная почта","front","электронная почта"
"мессенджер","n","мессенджер","мессенджер","back","мессенджер"
"чат","n","чат","чат","back","чат"
"форум","n","форум","форум","back","форум"
"блог","n","блог","блог","back","блог"
"влог","n","влог","влог","back","влог"
"подкаст","n","подкаст","подкаст","back","подкаст"
"стрим","n","стрим","стрим","back","стрим"
"видео","n","видео","видео","back","видео"
"аудио","n","аудио","аудио","back","аудио"
"музыка","n","музыка","музыка","back","музыка"
"кино","n","кино","кино","back","кино"
"фильм","n","фильм","фильм","back","фильм"
"сериал","n","сериал","сериал","back","сериал"
"мультфильм","n","мультфильм","мультфильм","back","мультфильм"
"ролик","n","ролик","ролик","back","ролик"
"клип","n","клип","клип","back","клип"
"трейлер","n","трейлер","трейлер","back","трейлер"
"спектакль","n","спектакль","спектакль","back","спектакль"
"концерт","n","концерт","концерт","back","концерт"
"фестиваль","n","фестиваль","фестиваль","back","фестиваль"
"байқау","n","байқау","конкурс","back","конкурс"
"жарыс","n","жарыс","соревнование","back","соревнование"
"турнир","n","турнир","турнир","back","турнир"
"чемпионат","n","чемпионат","чемпионат","back","чемпионат"
"олимпиада","n","олимпиада","олимпиада","back","олимпиада"
"спартакиада","n","спартакиада","спартакиада","back","спартакиада"
"марафон","n","марафон","марафон","back","марафон"
"эстафета","n","эстафета","эстафета","back","эстафета"
"кросс","n","кросс","кросс","back","кросс"
"старт","n","старт","старт","back","старт"
"финиш","n","финиш","финиш","back","финиш"
"жеңімпаз","n","жеңімпаз","победитель","back","победитель"
"жүлдегер","n","жүлдегер","призер","back","призер"
"чемпион","n","чемпион","чемпион","back","чемпион"
"рекорд","n","рекорд","рекорд","back","рекорд"
"көрсеткіш","n","көрсеткіш","показатель","front","показатель"
"нәтиже","n","нәтиже","результат","front","результат"
"қорытынды","n","қорытынды","итог","back","итог"
"баға","n","баға","оценка","back","оценка"
"бағалау","n","бағалау","оценивание","back","оценивание"
"емтихан","n","емтихан","экзамен","back","экзамен"
"сынақ","n","сынақ","зачет","back","зачет"
"тест","n","тест","тест","back","тест"
"тапсырма","n","тапсырма","задание","back","задание"
"жұмыс","n","жұмыс","работа","back","работа"
"есеп","n","есеп","отчет","front","отчет"
"баяндама","n","баяндама","доклад","back","доклад"
"презентация","n","презентация","презентация","back","презентация"
"жоба","n","жоба","проект","back","проект"
"жоспар","n","жоспар","план","back","план"
"бағдарлама","n","бағдарлама","программа","back","программа"
"стратегия","n","стратегия","стратегия","back","стратегия"
"тактика","n","тактика","тактика","back","тактика"
"әдіс","n","әдіс","метод","front","метод"
"тәсіл","n","тәсіл","способ","front","способ"
"технология","n","технология","технология","back","технология"
"инновация","n","инновация","инновация","back","инновация"
"жаңалық","n","жаңалық","новшество","back","новшество"
"өзгеріс","n","өзгеріс","изменение","front","изменение"
"даму","n","даму","развитие","back","развитие"
"өсу","n","өсу","рост","front","рост"
"өркендеу","n","өркендеу","процветание","front","процветание"
"гүлдену","n","гүлдену","расцвет","front","расцвет"
"жетістік","n","жетістік","достижение","front","достижение"
"табыс","n","табыс","успех","back","успех"
"сәттілік","n","сәттілік","удача","front","удача"
"бақыт","n","бақыт","счастье","back","счастье"
"шаттық","n","шаттық","радость","back","радость"
"қуаныш","n","қуаныш","радость","back","радость"
"мұң","n","мұң","печаль","back","печаль"
"қайғы","n","қайғы","горе","back","горе"
"реніш","n","реніш","обида","front","обида"
"налу","n","налу","обида","back","обида"
"күйзеліс","n","күйзеліс","стресс","front","стресс"
"депрессия","n","депрессия","депрессия","back","депрессия"
"шаршау","n","шаршау","усталость","back","усталость"
"демалу","n","демалу","отдых","back","отдых"
"ұйқы","n","ұйқы","сон","back","сон"
"түс","n","түс","сон (сновидение)","front","сон (сновидение)"
"арман","n","арман","мечта","back","мечта"
"мақсат","n","мақсат","цель","back","цель"
"мұрат","n","мұрат","идеал","back","идеал"
"идеал","n","идеал","идеал","back","идеал"
"кемелдік","n","кемелдік","совершенство","front","совершенство"
"жетілу","n","жетілу","совершенствование","front","совершенствование"
"жетілдіру","n","жетілдіру","улучшение","front","улучшение"
"жақсарту","n","жақсарту","улучшение","back","улучшение"
"түзету","n","түзету","исправление","front","исправление"
"өзгерту","n","өзгерту","изменение","front","изменение"
"ауыстыру","n","ауыстыру","замена","back","замена"
"алмастыру","n","алмастыру","замена","back","замена"
"орынбасу","n","орынбасу","замещение","back","замещение"
"аударма","n","аударма","перевод","back","перевод"
"тәржіма","n","тәржіма","перевод","front","перевод"
"мәтін","n","мәтін","текст","front","текст"
"сөйлем","n","сөйлем","предложение","front","предложение"
"сөз","n","сөз","слово","front","слово"
"буын","n","буын","слог","back","слог"
"дыбыс","n","дыбыс","звук","back","звук"
"әріп","n","әріп","буква","front","буква"
"алфавит","n","алфавит","алфавит","back","алфавит"
"әліпби","n","әліпби","алфавит","front","алфавит"
"жазу","n","жазу","письмо","back","письмо"
"оқу","n","оқу","чтение","back","чтение"
"тыңдау","n","тыңдау","слушание","back","слушание"
"сөйлеу","n","сөйлеу","говорение","front","говорение"
"айту","n","айту","произношение","back","произношение"
"түсіну","n","түсіну","понимание","front","понимание"
"меңгеру","n","меңгеру","усвоение","front","усвоение"
"үйрену","n","үйрену","изучение","front","изучение"
"жаттау","n","жаттау","заучивание","back","заучивание"
"қайталау","n","қайталау","повторение","back","повторение"
"бекіту","n","бекіту","закрепление","front","закрепление"
"тексеру","n","тексеру","проверка","front","проверка"
"бақылау","n","бақылау","контроль","back","контроль"
"қадағалау","n","қадағалау","наблюдение","back","наблюдение"
"көзқарас","n","көзқарас","взгляд","front","взгляд"
"пікір","n","пікір","мнение","front","мнение"
"ой","n","ой","мысль","back","мысль"
"идея","n","идея","идея","back","идея"
"түсінік","n","түсінік","понятие","front","понятие"
"ұғым","n","ұғым","понятие","back","понятие"
"анықтама","n","анықтама","определение","back","определение"
"түсіндірме","n","түсіндірме","объяснение","front","объяснение"
"сипаттама","n","сипаттама","описание","back","описание"
"баяндау","n","баяндау","изложение","back","изложение"
"әңгімелеу","n","әңгімелеу","повествование","front","повествование"
"суреттеу","n","суреттеу","описание","front","описание"
"талдау","n","талдау","анализ","back","анализ"
"сараптау","n","сараптау","экспертиза","back","экспертиза"
"зерттеу","n","зерттеу","исследование","front","исследование"
"зерделеу","n","зерделеу","изучение","front","изучение"
"қарау","n","қарау","рассмотрение","back","рассмотрение"
"шолу","n","шолу","обзор","back","обзор"
"ашу","n","ашу","открытие","back","открытие"
"жаңалық ашу","n","жаңалық ашу","открытие","back","открытие"
"өнертабыс","n","өнертабыс","изобретение","front","изобретение"
"өнертапқыш","n","өнертапқыш","изобретатель","front","изобретатель"
"ғалым","n","ғалым","ученый","back","ученый"
"зерттеуші","n","зерттеуші","исследователь","front","исследователь"
"зерделеуші","n","зерделеуші","изучающий","front","изучающий"
"маман","n","маман","специалист","back","специалист"
"сарапшы","n","сарапшы","эксперт","back","эксперт"
"білгір","n","білгір","знаток","front","знаток"
"шебер","n","шебер","мастер","front","мастер"
"ұстаз","n","ұстаз","учитель","back","учитель"
"тәлімгер","n","тәлімгер","наставник","front","наставник"
"бағыттаушы","n","бағыттаушы","направляющий","back","направляющий"
"жетекші","n","жетекші","руководитель","front","руководитель"
"көмекші","n","көмекші","помощник","front","помощник"
"көмек","n","көмек","помощь","front","помощь"
"жәрдем","n","жәрдем","поддержка","front","поддержка"
"демеу","n","демеу","поддержка","front","поддержка"
"қолдау","n","қолдау","поддержка","back","поддержка"
"сүйемелдеу","n","сүйемелдеу","сопровождение","front","сопровождение"
"қорғау","n","қорғау","защита","back","защита"
"сақтау","n","сақтау","сохранение","back","сохранение"
"қамтамасыз ету","n","қамтамасыз ету","обеспечение","back","обеспечение"
"жабдықтау","n","жабдықтау","снабжение","back","снабжение"
"жарақтандыру","n","жарақтандыру","оснащение","back","оснащение"
"Алматы","n","Алматы","Алматы","back","Алматы"
"Астана","n","Астана","Астана","back","Астана"